﻿Designator,Footprint,Quantity,Value,LCSC Part #
BT2,Battery,1,Battery_Cell,
"D1, D10, D11, D12, D13, D14, D15, D16, D17, D18, D19, D2, D20, D21, D22, D23, D24, D25, D26, D27, D3, D4, D5, D6, D7, D8, D9",Diode_DO-35,27,Diode,
"H1, H2, H3, H4, H5, H6",Standoff_M2x6mm,6,Mounting_Hole,
"S1, S10, S11, S12, S13, S14, S15, S16, S17, S18, S19, S2, S20, S21, S22, S23, S24, S25, S26, S27, S3, S4, S5, S6, S7, S8, S9",MX_PCB_1.00u,27,Keyswitch,
SW1,Switch_MSK12C02,1,Switch,
"U1, U2",Nice_Nano_V2,2,Nice_Nano_V2,
